Brand,Model,Price,Year,KM,City
Seat,Leon,915.000 TL,2013,89.000,Tokat/Merkez
Bentley,Continental,7.600.000 TL,2012,79.000,İstanbul/Bakırköy
BMW,i Serisi,6.490.000 TL,2023,12.000,İstanbul/Bakırköy
BMW,5 Serisi,1.100.000 TL,2010,244.000,Bursa/Nilüfer
Tofaş,Şahin,168.500 TL,1995,125.000,Bilecik/Bozüyük
Volkswagen,Polo,530.000 TL,2014,163.000,Zonguldak/Devrek
Mercedes-Benz,E Serisi,2.890.000 TL,2018,85.000,Bolu/Merkez
Volkswagen,Golf,1.090.000 TL,2022,42.000,Denizli/Merkezefendi
Tofaş,Doğan,175.000 TL,1994,250.000,Sivas/Şarkışla
Fiat,Egea,479.000 TL,2017,189.000,İstanbul/Bağcılar
Opel,Insignia,625.000 TL,2011,262.147,Antalya/Alanya
Volkswagen,Passat,965.000 TL,2017,312.000,Mersin/Toroslar
Audi,A8,2.975.000 TL,2011,335.000,İzmir/Ödemiş
Nissan,Micra,359.000 TL,2006,204.000,Kocaeli/Gölcük
Renault,Megane,1.135.000 TL,2020,117.000,Kocaeli/Gebze
Mercedes-Benz,C Serisi,2.830.000 TL,2022,99.000,İstanbul/Bağcılar
Toyota,Corolla,615.000 TL,2008,239.000,Şanlıurfa/Haliliye
Volkswagen,Polo,452.000 TL,2005,175.000,Konya/Ilgın
Mercedes-Benz,E Serisi,1.490.000 TL,2013,394.000,Samsun/Tekkeköy
Opel,Astra,755.000 TL,2016,150.000,Şanlıurfa/Siverek
Opel,Corsa,535.000 TL,2014,85.000,Antalya/Kepez
Volkswagen,Jetta,467.000 TL,2012,358.058,İstanbul/Beylikdüzü
Ford,Focus,1.288.500 TL,2021,46.252,Ankara/Pursaklar
BMW,5 Serisi,2.975.000 TL,2022,38.500,İstanbul/Bağcılar
Mercedes-Benz,B Serisi,1.065.000 TL,2015,158.000,Aydın/Nazilli
Renault,Megane,962.500 TL,2021,129.000,İstanbul/Ümraniye
Fiat,500 Ailesi,610.000 TL,2015,130.000,İzmir/Buca
Peugeot,508,549.000 TL,2012,267.000,Tekirdağ/Çerkezköy
Hyundai,Accent Blue,599.999 TL,2016,237.000,İzmir/Buca
Opel,Astra,513.000 TL,2008,229.000,Rize/Ardeşen
Honda,Civic,1.152.900 TL,2018,98.000,İstanbul/Bağcılar
Volkswagen,Passat,1.415.000 TL,2019,66.500,İstanbul/Çekmeköy
Dacia,Sandero,705.000 TL,2019,166.000,İstanbul/Ataşehir
BMW,5 Serisi,3.237.500 TL,2022,52.000,Zonguldak/Ereğli
Ford,Fiesta,425.000 TL,2009,256.000,İstanbul/Küçükçekmece
Honda,Civic,1.195.000 TL,2020,80.000,Kayseri/Kocasinan
Fiat,Egea,675.000 TL,2018,108.000,İstanbul/Üsküdar
Porsche,Panamera,4.200.000 TL,2012,165.000,Gaziantep/Şehitkamil
Porsche,Panamera,3.400.000 TL,2013,200.000,İstanbul/Kartal
Mercedes-Benz,CLA,1.325.000 TL,2015,203.000,Kocaeli/Çayırova
Ford,Fiesta,545.900 TL,2009,160.000,Kırşehir/Merkez
Volkswagen,Beetle,980.000 TL,2014,150.000,Zonguldak/Merkez
Mercedes-Benz,C Serisi,2.079.500 TL,2018,120.000,Ankara/Yenimahalle
Renault,Clio,609.900 TL,2022,69.000,İstanbul/Sancaktepe
Mercedes-Benz,C Serisi,3.319.900 TL,2023,6.001,Antalya/Muratpaşa
BMW,5 Serisi,2.150.000 TL,2017,143.000,İstanbul/Kartal
Opel,Insignia,1.350.000 TL,2021,57.000,Konya/Beyşehir
BMW,1 Serisi,1.250.000 TL,2008,300.000,İstanbul/Kartal
Dodge,Challenger,4.190.000 TL,2009,72.000,Bursa/Nilüfer
Renault,Megane,532.000 TL,2011,198.000,İstanbul/Küçükçekmece
Dacia,Sandero,784.900 TL,2022,52.000,İstanbul/Sancaktepe
Renault,Taliant,684.900 TL,2021,106.000,İstanbul/Sancaktepe
Hyundai,Accent,409.500 TL,2006,259.000,Kırıkkale/Merkez
Renault,Clio,849.000 TL,2022,49.000,Kahramanmaraş/Onikişubat
Mercedes-Benz,C Serisi,969.900 TL,2012,258.000,Hatay/Reyhanlı
Mercedes-Benz,C Serisi,1.188.500 TL,2011,170.000,Kocaeli/Çayırova
Renault,Megane,895.000 TL,2021,146.900,İstanbul/Esenyurt
Renault,Megane,1.055.000 TL,2022,47.000,İstanbul/Başakşehir
Mercedes-Benz,E Serisi,1.475.000 TL,2011,159.000,Mersin/Tarsus
Ford,Mondeo,480.000 TL,2009,310.000,Ordu/Fatsa
Kia,Rio,519.750 TL,2014,199.000,İstanbul/Pendik
Volkswagen,Jetta,649.900 TL,2013,250.000,Denizli/Pamukkale
Volkswagen,Golf,475.000 TL,2011,287.000,İstanbul/Beylikdüzü
Renault,Symbol,595.000 TL,2017,73.000,İzmir/Dikili
Renault,Clio,670.000 TL,2013,54.000,Balıkesir/Edremit
Hyundai,i20,725.000 TL,2020,51.600,İstanbul/Arnavutköy
Fiat,Egea,689.500 TL,2022,88.000,Rize/Merkez
Honda,Civic,719.000 TL,2011,279.000,Konya/Akşehir
BMW,4 Serisi,1.620.000 TL,2017,115.000,İstanbul/Esenyurt
Mercedes-Benz,E Serisi,1.590.000 TL,2012,257.000,Kırşehir/Merkez
Volkswagen,Passat,1.615.000 TL,2016,133.500,Diyarbakır/Bağlar
Audi,A4,1.045.000 TL,2013,284.000,İstanbul/Sultangazi
Audi,A6,425.000 TL,2000,495.000,Aksaray/Merkez
Fiat,Egea,638.500 TL,2020,118.000,İstanbul/Pendik
BMW,5 Serisi,1.615.000 TL,2016,188.000,Mersin/Toroslar
Ford,Focus,729.900 TL,2016,280.000,Denizli/Pamukkale
Opel,Astra,548.750 TL,2010,176.000,İstanbul/Küçükçekmece
Renault,Megane,809.000 TL,2016,188.000,İstanbul/Başakşehir
Volkswagen,Polo,765.000 TL,2015,70.000,Kütahya/Tavşanlı
Toyota,Corolla,450.000 TL,1998,254.144,Hatay/Erzin
Toyota,Corolla,450.000 TL,1998,254.144,Hatay/Erzin
BMW,5 Serisi,2.110.000 TL,2017,110.000,İstanbul/Esenyurt
Audi,A6,1.825.000 TL,2015,190.000,Van/Erciş
Seat,Leon,850.000 TL,2015,172.000,İstanbul/Bakırköy
Volkswagen,Passat,739.000 TL,2012,270.000,Ankara/Sincan
Volkswagen,VW CC,875.000 TL,2013,270.000,Bursa/Yıldırım
Renault,Megane,899.750 TL,2018,166.000,Konya/Karatay
Opel,Astra,529.750 TL,2013,252.000,İzmir/Bornova
Ford,Focus,965.000 TL,2020,165.000,İstanbul/Esenyurt
Volkswagen,Jetta,718.750 TL,2012,154.000,Kocaeli/Körfez
BMW,3 Serisi,2.160.000 TL,2019,85.000,İstanbul/Esenyurt
Mercedes-Benz,E Serisi,2.455.000 TL,2017,110.000,İstanbul/Başakşehir
Opel,Vectra,320.000 TL,1997,321.000,Kırıkkale/Merkez
Fiat,Egea,665.000 TL,2017,198.000,Ankara/Yenimahalle
Mercedes-Benz,E Serisi,1.218.000 TL,2004,195.000,Ankara/Yenimahalle
Volkswagen,Passat,1.655.000 TL,2020,57.500,İstanbul/Gaziosmanpaşa
Volkswagen,Passat,1.345.000 TL,2015,188.000,İstanbul/Sultanbeyli
Volkswagen,Passat,979.000 TL,2015,217.000,Ankara/Sincan
Fiat,Egea,809.999 TL,2023,16.000,İstanbul/Şişli
Hyundai,i20,825.000 TL,2020,102.000,İstanbul/Avcılar
BMW,3 Serisi,1.325.000 TL,2016,142.000,İstanbul/Ümraniye
Mercedes-Benz,C Serisi,1.275.000 TL,2011,134.000,İstanbul/Ümraniye
Ford,Focus,485.000 TL,2011,290.000,Diyarbakır/Yenişehir
Volkswagen,Passat,1.875.000 TL,2017,29.000,Muş/Malazgirt
Dacia,Sandero,870.000 TL,2016,8.000,Yozgat/Sorgun
Renault,Clio,764.000 TL,2020,121.000,İstanbul/Bağcılar
Renault,Megane,1.299.000 TL,2023,11.600,İstanbul/Beylikdüzü
Mercedes-Benz,E Serisi,552.000 TL,1994,426.000,Artvin/Arhavi
Mercedes-Benz,CLA,1.595.000 TL,2016,110.525,Konya/Ereğli
Skoda,Octavia,2.400.000 TL,2023,72.000,Tekirdağ/Çerkezköy
Hyundai,i20,879.000 TL,2017,56.000,İstanbul/Küçükçekmece
Renault,Talisman,1.175.000 TL,2018,140.000,İstanbul/Sancaktepe
Seat,Leon,805.000 TL,2017,256.000,Elazığ/Merkez
Opel,Insignia,970.000 TL,2017,152.000,Tekirdağ/Süleymanpaşa
Mercedes-Benz,C Serisi,1.395.000 TL,2015,182.000,İstanbul/Beşiktaş
Renault,Megane,698.000 TL,2012,148.000,İstanbul/Bağcılar
Volkswagen,Passat,1.055.000 TL,2016,161.000,Antalya/Kepez
Mercedes-Benz,E Serisi,2.695.000 TL,2017,75.000,İstanbul/Ümraniye
Hyundai,i20,935.000 TL,2021,65.000,Ankara/Yenimahalle
Toyota,Corolla,879.750 TL,2018,102.000,Samsun/Bafra
Toyota,Corolla,879.750 TL,2018,102.000,Samsun/Bafra
Audi,A3,1.224.950 TL,2017,96.000,İstanbul/Bağcılar
Renault,Clio,829.500 TL,2021,125.000,İstanbul/Maltepe
Renault,Megane,525.000 TL,2011,235.000,Ankara/Beypazarı
Renault,Clio,325.000 TL,2002,150.000,İstanbul/Ümraniye
Opel,Corsa,1.065.000 TL,2023,16.000,Zonguldak/Ereğli
Fiat,Egea,730.000 TL,2020,48.206,Ankara/Keçiören
Volkswagen,Passat,1.885.000 TL,2020,90.000,Zonguldak/Ereğli
Peugeot,301,648.000 TL,2019,120.000,İzmir/Buca
BMW,5 Serisi,1.525.000 TL,2015,199.000,İstanbul/Bakırköy
Toyota,Corolla,1.037.950 TL,2020,98.920,İstanbul/Sancaktepe
Fiat,Albea,549.000 TL,2011,55.000,Bursa/Osmangazi
Citroen,C-Elysée,465.000 TL,2015,209.000,Kocaeli/Çayırova
Fiat,Egea,744.500 TL,2020,114.500,İstanbul/Esenyurt
Honda,Civic,1.265.750 TL,2021,66.000,İstanbul/Esenyurt
Honda,Civic,895.000 TL,2013,180.000,Osmaniye/Düziçi
Audi,A3,2.219.000 TL,2023,60.000,İstanbul/Bağcılar
Skoda,Superb,1.815.000 TL,2020,84.000,Trabzon/Akçaabat
Renault,Clio,669.000 TL,2016,190.000,Antalya/Manavgat
Mercedes-Benz,S Serisi,14.650.000 TL,2023,12.654,İstanbul/Kadıköy
Opel,Corsa,475.000 TL,2012,220.000,Antalya/Kepez
Seat,Leon,875.000 TL,2017,185.000,İstanbul/Sultangazi
Citroen,C-Elysée,729.000 TL,2021,59.000,İstanbul/Beylikdüzü
Hyundai,Getz,335.000 TL,2007,200.000,Kocaeli/Gebze
Opel,Vectra,395.000 TL,2002,188.000,Muğla/Bodrum
Citroen,AMI,326.000 TL,2023,8.500,Denizli/Merkezefendi
Honda,Civic,557.000 TL,2005,150.000,Bilecik/Bozüyük
BMW,5 Serisi,1.968.000 TL,2017,152.000,Kocaeli/Körfez
Skoda,Octavia,1.515.000 TL,2019,65.000,İstanbul/Başakşehir
Skoda,Scala,999.990 TL,2021,36.000,Kocaeli/Derince
Renault,Megane,749.999 TL,2016,223.000,Sakarya/Sapanca
Opel,Astra,575.000 TL,2011,186.000,Tekirdağ/Çerkezköy
Fiat,Egea,759.500 TL,2017,144.000,İstanbul/Ümraniye
Audi,A5,1.040.000 TL,2015,293.000,Bursa/Mudanya
Volkswagen,Jetta,715.000 TL,2013,228.000,Zonguldak/Çaycuma
Opel,Astra,835.000 TL,2020,88.000,İstanbul/Ümraniye
Volkswagen,Passat,1.265.000 TL,2019,121.000,İstanbul/Sultanbeyli
Fiat,Egea,839.500 TL,2022,87.000,İstanbul/Bağcılar
Fiat,Egea,739.500 TL,2021,100.500,Antalya/Kepez
BMW,1 Serisi,979.000 TL,2014,131.000,İstanbul/Esenyurt
BMW,5 Serisi,1.580.000 TL,2016,219.000,Malatya/Darende
Renault,Fluence,449.500 TL,2011,250.000,Kocaeli/Körfez
Renault,Megane,1.069.000 TL,2022,60.000,İstanbul/Bayrampaşa
Renault,Latitude,385.000 TL,2011,290.000,İstanbul/Fatih
Peugeot,206,225.750 TL,2009,245.000,İstanbul/Pendik
Opel,Corsa,545.000 TL,2017,52.000,Adana/Seyhan
Renault,Clio,589.000 TL,2015,183.000,Denizli/Pamukkale
Toyota,Corolla,582.500 TL,2008,231.000,Antalya/Elmalı
Peugeot,308,695.000 TL,2012,96.000,Kocaeli/İzmit
Mercedes-Benz,E Serisi,3.150.000 TL,2021,105.000,İstanbul/Esenler
Renault,Fluence,515.000 TL,2012,230.000,Kocaeli/Derince
Volkswagen,Jetta,959.000 TL,2015,158.000,Aydın/Söke
Citroen,C-Elysée,598.000 TL,2017,160.000,Ankara/Keçiören
Renault,Clio,579.000 TL,2020,129.000,İstanbul/Esenyurt
Fiat,Albea,285.000 TL,2007,297.000,İstanbul/Kağıthane
Mercedes-Benz,C Serisi,2.495.000 TL,2021,54.990,İstanbul/Bağcılar
Mercedes-Benz,E Serisi,3.899.000 TL,2022,75.000,Gaziantep/Şehitkamil
Mercedes-Benz,S Serisi,1.029.000 TL,2003,212.000,İstanbul/Gaziosmanpaşa
Volkswagen,Passat,1.240.000 TL,2018,119.000,İstanbul/Kadıköy
Mercedes-Benz,E Serisi,2.799.000 TL,2020,186.000,Konya/Karatay
Mercedes-Benz,CLA,1.370.000 TL,2016,198.000,Gaziantep/Şehitkamil
Mercedes-Benz,C Serisi,1.475.000 TL,2017,175.000,Gaziantep/Şehitkamil
Mercedes-Benz,E Serisi,3.275.000 TL,2020,105.000,Gaziantep/Şehitkamil
Toyota,Corolla,700.000 TL,2012,116.000,İstanbul/Pendik
Audi,A6,3.530.000 TL,2021,119.000,Gaziantep/Şehitkamil
Fiat,Egea,705.000 TL,2019,64.000,Afyonkarahisar/Merkez
Mercedes-Benz,C Serisi,1.485.000 TL,2018,154.100,Bursa/Osmangazi
Opel,Insignia,899.000 TL,2016,222.000,İstanbul/Esenyurt
Chevrolet,Cruze,525.000 TL,2012,211.000,İstanbul/Bakırköy
Opel,Astra,349.900 TL,2001,230.000,Tekirdağ/Çerkezköy
Mini,Cooper,1.820.000 TL,2023,10.942,Kütahya/Merkez
Toyota,Corolla,879.000 TL,2020,210.000,Gaziantep/Şehitkamil
Opel,Astra,649.999 TL,2015,178.000,Sakarya/Sapanca
Subaru,Impreza,535.000 TL,2010,229.000,Kocaeli/Gebze
BMW,3 Serisi,1.270.000 TL,2015,193.000,Aydın/Efeler
BMW,3 Serisi,1.350.000 TL,2016,255.000,Diyarbakır/Kayapınar
Hyundai,Elantra,915.000 TL,2021,221.000,İstanbul/Ümraniye
Audi,A5,1.100.000 TL,2010,224.000,Ankara/Çankaya
Volkswagen,Passat,1.150.000 TL,2015,168.500,İstanbul/Arnavutköy
Opel,Astra,495.750 TL,2011,267.000,Ankara/Pursaklar
Toyota,Corolla,952.900 TL,2020,137.000,İstanbul/Beylikdüzü
Volkswagen,Golf,1.082.900 TL,2022,74.000,İstanbul/Beylikdüzü
Renault,Megane,899.000 TL,2018,166.000,İstanbul/Esenyurt
Peugeot,308,1.500.000 TL,2023,25.000,Ankara/Polatlı
Audi,A6,2.525.000 TL,2016,129.500,Tokat/Erbaa
Hyundai,Accent Era,389.000 TL,2008,318.000,Malatya/Yeşilyurt
Opel,Astra,385.000 TL,2004,299.000,Malatya/Yeşilyurt
Renault,Megane,499.950 TL,2011,267.000,Ankara/Akyurt
Mini,Cooper,735.000 TL,2009,137.500,İstanbul/Şişli
Honda,Civic,1.397.500 TL,2020,78.000,Antalya/Kumluca
BMW,3 Serisi,1.650.000 TL,2013,130.000,Gaziantep/Şehitkamil
Mercedes-Benz,C Serisi,3.120.000 TL,2022,53.000,Osmaniye/Düziçi
Fiat,Egea,695.000 TL,2022,35.000,Zonguldak/Merkez
Fiat,Egea,779.500 TL,2020,125.000,İstanbul/Esenyurt
Renault,Modus,335.000 TL,2006,220.000,Ankara/Çubuk
Volkswagen,Bora,245.000 TL,2000,315.000,İstanbul/Güngören
BMW,5 Serisi,2.950.000 TL,2020,83.000,Antalya/Serik
Hyundai,i10,548.500 TL,2017,94.000,İstanbul/Beykoz
Volkswagen,Polo,1.370.000 TL,2023,21.000,Eskişehir/Odunpazarı
Volkswagen,Polo,710.000 TL,2014,177.000,Kırıkkale/Yahşihan
Volkswagen,Polo,710.000 TL,2014,177.000,Kırıkkale/Yahşihan
Mercedes-Benz,E Serisi,3.500.000 TL,2020,61.000,İstanbul/Maltepe
Mini,Cooper,1.285.000 TL,2013,79.000,İstanbul/Silivri
BMW,4 Serisi,3.660.000 TL,2023,25.000,İstanbul/Kadıköy
Volkswagen,Polo,899.500 TL,2021,128.410,İstanbul/Ataşehir
Citroen,C-Elysée,644.500 TL,2021,124.308,İstanbul/Ataşehir
Peugeot,308,880.000 TL,2020,170.000,İstanbul/Esenyurt
Fiat,Egea,584.500 TL,2017,154.000,İstanbul/Ataşehir
Fiat,Linea,325.000 TL,2008,309.000,Ankara/Çubuk
Renault,Clio,979.500 TL,2023,36.353,İstanbul/Ataşehir
Mercedes-Benz,E Serisi,2.395.000 TL,2017,125.000,İstanbul/Başakşehir
Renault,Megane,305.000 TL,2006,230.000,Kocaeli/Gebze
Audi,A3,825.000 TL,2011,216.000,Ankara/Altındağ
Renault,Symbol,647.500 TL,2019,122.976,İstanbul/Ataşehir
Fiat,Egea,700.000 TL,2020,200.000,İstanbul/Esenyurt
Hyundai,Elantra,260.900 TL,2004,385.000,İzmir/Gaziemir
Renault,Megane,925.000 TL,2020,186.000,İstanbul/Bağcılar
Fiat,Palio,285.000 TL,2005,220.000,Trabzon/Ortahisar
Audi,A4,829.000 TL,2012,336.900,Konya/Selçuklu
Volkswagen,Passat,1.339.000 TL,2017,91.000,İstanbul/Sultangazi
Toyota,Corolla,839.000 TL,2018,165.000,İstanbul/Ümraniye
Fiat,500 Ailesi,455.750 TL,2015,209.000,İstanbul/Sultangazi
BMW,3 Serisi,1.135.000 TL,2014,277.800,Gaziantep/Şehitkamil
Renault,Megane,1.345.000 TL,2023,29.000,Kocaeli/Körfez
Volkswagen,Passat,839.500 TL,2013,168.000,İstanbul/Ataşehir
Renault,Clio,465.000 TL,2013,205.000,Antalya/Alanya
BMW,5 Serisi,1.568.000 TL,2016,127.500,İstanbul/Küçükçekmece
Fiat,Linea,487.500 TL,2015,197.000,Tekirdağ/Muratlı
Honda,Civic,1.199.900 TL,2018,95.850,İstanbul/Maltepe
Volkswagen,Passat Variant,1.530.000 TL,2021,63.000,İstanbul/Beşiktaş
Fiat,Egea,597.500 TL,2017,182.000,Denizli/Pamukkale
Volkswagen,Golf,1.195.000 TL,2019,112.000,İstanbul/Silivri
Fiat,Punto,375.000 TL,2007,251.000,Tekirdağ/Muratlı
BMW,5 Serisi,1.299.900 TL,2014,265.000,Ağrı/Patnos
Volkswagen,Passat,1.210.000 TL,2016,167.000,İstanbul/Bahçelievler
Hyundai,Elantra,385.000 TL,2005,340.000,Kahramanmaraş/Onikişubat
Toyota,Corolla,1.048.750 TL,2021,113.000,İstanbul/Kartal
Renault,Clio,549.000 TL,2018,184.000,İstanbul/Ümraniye
Honda,Civic,1.325.000 TL,2020,124.000,Denizli/Sarayköy
Mercedes-Benz,E Serisi,5.515.000 TL,2024,6.001,İzmir/Gaziemir
Volkswagen,Passat,1.360.000 TL,2017,144.600,Amasya/Merzifon
Renault,Megane,735.000 TL,2017,255.000,Ankara/Mamak
Fiat,Egea,619.000 TL,2016,149.000,Ankara/Keçiören
Honda,Civic,567.000 TL,2008,300.000,Kocaeli/Körfez
Opel,Astra,615.000 TL,2012,114.000,İstanbul/Pendik
Ford,Focus,495.000 TL,2005,235.000,Ankara/Yenimahalle
Mini,Cooper,1.080.000 TL,2017,93.000,Kütahya/Tavşanlı
Mercedes-Benz,C Serisi,1.495.000 TL,2016,199.000,İzmir/Buca
Hyundai,i20,619.000 TL,2015,190.000,Kocaeli/Gölcük
Ford,Focus,912.750 TL,2017,118.000,Mersin/Toroslar
BMW,5 Serisi,2.180.000 TL,2017,132.000,Ankara/Akyurt
Peugeot,208,660.000 TL,2014,84.000,İzmir/Aliağa
BMW,3 Serisi,1.345.000 TL,2016,230.000,Adana/Seyhan
Citroen,C5,655.000 TL,2012,230.000,Eskişehir/Odunpazarı
BMW,5 Serisi,1.545.000 TL,2012,238.000,Tekirdağ/Çorlu
Seat,Leon,1.159.999 TL,2019,140.000,İstanbul/Üsküdar
Renault,Clio,649.000 TL,2017,177.000,İstanbul/Beylikdüzü
Volkswagen,Passat,1.195.000 TL,2018,188.000,Isparta/Eğirdir
Peugeot,301,428.750 TL,2012,249.000,Kocaeli/Gebze
Volkswagen,Passat,1.295.000 TL,2015,135.000,Hatay/Antakya
Hyundai,i20,929.000 TL,2018,79.000,Kırıkkale/Merkez
Mercedes-Benz,E Serisi,2.100.000 TL,2017,257.000,İstanbul/Bahçelievler
Toyota,Corolla,949.999 TL,2020,161.000,İzmir/Buca
Toyota,Corolla,929.999 TL,2020,178.000,İzmir/Buca
Hyundai,Accent,250.000 TL,1999,275.000,Ankara/Pursaklar
Toyota,Corolla,1.275.000 TL,2020,21.000,İstanbul/Sancaktepe
Volkswagen,Passat,1.220.000 TL,2017,188.000,Gaziantep/Şehitkamil
Ford,Fiesta,456.500 TL,2011,238.000,İstanbul/Küçükçekmece
Toyota,Yaris,330.000 TL,2000,270.000,Bursa/Osmangazi
Hyundai,Getz,315.000 TL,2009,253.000,İstanbul/Bağcılar
Hyundai,Getz,350.000 TL,2005,250.000,Bursa/Osmangazi
Mercedes-Benz,C Serisi,2.479.000 TL,2020,45.000,İstanbul/Çekmeköy
Toyota,Corolla,1.129.000 TL,2020,71.000,İstanbul/Avcılar
Renault,R 9,235.000 TL,1999,277.000,Bursa/İnegöl
BMW,3 Serisi,1.250.000 TL,1984,247.000,Ankara/Çankaya
Volkswagen,Bora,320.000 TL,2001,337.000,Ankara/Keçiören
Dacia,Lodgy,349.000 TL,2013,397.000,Kayseri/Melikgazi
Volkswagen,Passat,1.315.000 TL,2017,159.000,İstanbul/Sultangazi
Audi,A4,880.000 TL,2012,240.000,İstanbul/Sultanbeyli
Ford,Escort,235.000 TL,1997,239.500,Ankara/Altındağ
Renault,Megane,1.340.000 TL,2018,73.000,Antalya/Serik
Ford,Fiesta,235.000 TL,2004,228.000,Gaziantep/Şehitkamil
Audi,A4,850.000 TL,2009,277.000,Ankara/Çubuk
Ford,Focus,653.900 TL,2013,95.000,İstanbul/Bağcılar
Ford,Fiesta,685.000 TL,2015,76.000,Erzurum/Aziziye
Opel,Corsa,263.000 TL,1997,277.000,Tokat/Merkez
Renault,Clio,629.000 TL,2020,229.000,İstanbul/Pendik
Volkswagen,Golf,1.230.000 TL,2017,139.000,Kocaeli/Çayırova
Audi,A4,3.750.000 TL,2024,6.100,Muğla/Fethiye
Mercedes-Benz,C Serisi,925.000 TL,2009,270.000,Ankara/Çubuk
Fiat,Egea,509.000 TL,2017,240.000,Adana/Ceyhan
Audi,A4,910.000 TL,2012,182.000,Diyarbakır/Bağlar
Ford,Focus,735.000 TL,2015,280.000,Ankara/Çubuk
Renault,Megane,309.000 TL,2006,276.000,İstanbul/Bahçelievler
Fiat,Linea,369.000 TL,2011,360.000,İstanbul/Eyüpsultan
Mercedes-Benz,C Serisi,1.220.000 TL,2013,230.000,Ankara/Sincan
Audi,A4,847.500 TL,2010,255.000,Tekirdağ/Süleymanpaşa
Mercedes-Benz,C Serisi,3.191.750 TL,2023,37.000,İstanbul/Esenyurt
Volkswagen,Jetta,650.000 TL,2013,348.000,Ankara/Çubuk
Renault,Clio,585.000 TL,2017,130.000,Ankara/Yenimahalle
Mercedes-Benz,C Serisi,755.000 TL,2009,380.000,İstanbul/Arnavutköy
Volkswagen,VW CC,855.000 TL,2012,151.000,Kocaeli/Çayırova
BMW,5 Serisi,1.045.000 TL,2011,310.000,Ankara/Mamak
Honda,Accord,1.815.000 TL,2022,7.000,İstanbul/Bahçelievler
Volkswagen,Polo,255.000 TL,1999,265.000,Kocaeli/İzmit
Fiat,Albea,245.000 TL,2011,715.000,İstanbul/Avcılar
BMW,5 Serisi,1.650.000 TL,2015,123.000,İstanbul/Bahçelievler
Peugeot,307,385.000 TL,2005,248.000,Kocaeli/Gölcük
Porsche,Taycan,6.975.000 TL,2023,6.001,İstanbul/Bahçelievler
Opel,Corsa,659.950 TL,2017,124.000,İstanbul/Esenyurt
Audi,A6,3.425.000 TL,2020,85.000,İstanbul/Bahçelievler
Mercedes-Benz,CLS,4.190.000 TL,2018,59.000,İstanbul/Bahçelievler
Ford,Focus,779.000 TL,2016,129.900,Hatay/Defne
Renault,Megane,1.315.000 TL,2022,65.000,İstanbul/Bağcılar
Mercedes-Benz,CLA,2.185.000 TL,2021,60.000,İstanbul/Maltepe
Mercedes-Benz,E Serisi,2.490.000 TL,2017,137.000,İstanbul/Bahçelievler
Mercedes-Benz,C Serisi,3.290.000 TL,2023,54.000,İstanbul/Bahçelievler
BMW,3 Serisi,1.580.000 TL,2012,259.100,Kayseri/Kocasinan
Volkswagen,Passat,1.120.000 TL,2016,155.000,İstanbul/Küçükçekmece
Citroen,C4,630.000 TL,2013,140.000,İstanbul/Avcılar
Opel,Insignia,775.000 TL,2014,206.000,Van/Erciş
Renault,Megane,855.000 TL,2017,173.300,Konya/Karatay
Toyota,Corolla,635.000 TL,2013,258.000,İstanbul/Beylikdüzü
Hyundai,Accent Era,295.000 TL,2008,500.000,Ankara/Mamak
Renault,Megane,1.149.000 TL,2021,112.000,İstanbul/Ümraniye
Volkswagen,Golf,1.000.000 TL,2014,93.000,Ankara/Çankaya
Fiat,Egea,679.000 TL,2022,100.000,İstanbul/Tuzla
Hyundai,i30,859.000 TL,2013,95.000,Ankara/Akyurt
Fiat,Egea,925.000 TL,2022,70.000,İstanbul/Eyüpsultan
Fiat,Palio,225.000 TL,1998,330.000,Tekirdağ/Çorlu
Renault,Clio,628.000 TL,2015,245.000,İzmir/Menderes
Toyota,Yaris,568.000 TL,2012,110.132,Antalya/Muratpaşa
Renault,Megane,936.900 TL,2021,145.500,İstanbul/Maltepe
Fiat,Egea,785.000 TL,2022,65.000,İstanbul/Eyüpsultan
Renault,Clio,775.000 TL,2019,156.000,Antalya/Kepez
Fiat,Egea,690.000 TL,2020,160.000,İstanbul/Sancaktepe
Volkswagen,Passat Variant,1.160.000 TL,2017,143.000,Antalya/Kepez
Renault,Megane,565.000 TL,2010,278.000,İstanbul/Eyüpsultan
Audi,A3,1.199.000 TL,2018,107.000,İstanbul/Bahçelievler
Ford,Focus,880.000 TL,2016,116.000,Çanakkale/Merkez
BMW,3 Serisi,1.270.000 TL,2013,268.000,Diyarbakır/Bağlar
Renault,Megane,931.200 TL,2021,147.400,İstanbul/Başakşehir
Volvo,S60,1.050.000 TL,2015,239.500,Tekirdağ/Marmaraereğlisi
Fiat,Egea,725.000 TL,2022,76.000,İstanbul/Bağcılar
Peugeot,301,649.500 TL,2020,137.000,Ankara/Keçiören
Volkswagen,Passat,1.265.000 TL,2016,240.000,Diyarbakır/Bağlar
Hyundai,i20,899.750 TL,2021,134.000,Konya/Beyşehir
Hyundai,i20,795.000 TL,2016,198.000,İstanbul/Sancaktepe
Ford,C-Max,665.750 TL,2012,289.000,Adana/Seyhan
Ford,Fiesta,430.000 TL,2010,257.000,İzmir/Urla
BMW,3 Serisi,3.050.000 TL,2022,24.935,Kütahya/Merkez
Peugeot,301,679.999 TL,2020,108.000,Kayseri/Kocasinan
Opel,Corsa,1.175.000 TL,2023,12.600,İzmir/Menderes
Fiat,Egea,610.000 TL,2016,116.000,Antalya/Kepez
Peugeot,308,399.000 TL,2010,196.000,Denizli/Merkezefendi
Audi,A6,1.135.000 TL,2012,370.000,Antalya/Manavgat
BMW,4 Serisi,2.825.000 TL,2022,84.000,İstanbul/Başakşehir
BMW,5 Serisi,3.050.000 TL,2021,73.507,Kütahya/Merkez
Audi,A4,1.484.500 TL,2016,150.000,İstanbul/Bağcılar
Peugeot,308,1.065.000 TL,2020,70.000,İzmir/Bornova
Peugeot,307,395.000 TL,2004,198.000,Ankara/Mamak
Fiat,Albea,230.000 TL,2011,430.000,Van/Edremit
BMW,3 Serisi,830.000 TL,2013,319.000,İstanbul/Başakşehir
Toyota,Corolla,1.150.000 TL,2021,114.000,İstanbul/Başakşehir
Mercedes-Benz,C Serisi,2.575.000 TL,2020,19.000,İstanbul/Beylikdüzü
Chevrolet,Cruze,419.900 TL,2012,289.000,İstanbul/Ataşehir
Ford,Escort,169.000 TL,1997,384.000,Ankara/Akyurt
Volkswagen,Passat,1.125.000 TL,2020,215.000,İstanbul/Bakırköy
Audi,A5,1.935.000 TL,2017,183.000,Mersin/Toroslar
Renault,Megane,939.850 TL,2021,160.546,İstanbul/Ataşehir
Volkswagen,Jetta,582.500 TL,2012,230.000,İstanbul/Güngören
Mercedes-Benz,E Serisi,835.000 TL,2002,305.000,Konya/Karatay
Honda,Civic,1.159.500 TL,2018,121.000,İstanbul/Beylikdüzü
Seat,Ibiza,445.000 TL,2012,220.000,Adana/Sarıçam
Hyundai,i20,719.850 TL,2022,75.468,İstanbul/Ataşehir
Renault,Clio,769.850 TL,2020,81.569,İstanbul/Ataşehir
Renault,Megane,989.850 TL,2020,136.000,İstanbul/Ataşehir
Kia,Picanto,429.000 TL,2005,135.000,İstanbul/Küçükçekmece
Mercedes-Benz,E Serisi,1.989.000 TL,2017,204.000,İstanbul/Küçükçekmece
Peugeot,308,849.000 TL,2020,82.000,İstanbul/Küçükçekmece
BMW,2 Serisi,1.799.000 TL,2022,35.000,İstanbul/Küçükçekmece
Citroen,C3,539.000 TL,2013,105.000,İstanbul/Esenyurt
Renault,Fluence,599.999 TL,2013,256.000,Sakarya/Adapazarı
Audi,A3,735.000 TL,2009,217.000,İzmir/Seferihisar
Honda,Civic,1.295.000 TL,2018,112.000,İstanbul/Beylikdüzü
Mercedes-Benz,E Serisi,2.100.000 TL,2017,214.000,Antalya/Muratpaşa
Renault,Clio,325.000 TL,2000,280.000,Ordu/Altınordu
Toyota,Corolla,1.255.000 TL,2021,68.100,Ankara/Yenimahalle
Toyota,Auris,850.000 TL,2012,91.555,Malatya/Yeşilyurt
Volkswagen,Golf,770.000 TL,2015,190.000,İstanbul/Beylikdüzü
BMW,3 Serisi,1.410.000 TL,2018,160.000,İstanbul/Beylikdüzü
Mercedes-Benz,E Serisi,1.899.000 TL,2010,83.000,Denizli/Pamukkale
Volkswagen,Passat,765.000 TL,2012,293.000,Kayseri/Kocasinan
BMW,1 Serisi,449.999 TL,2006,335.000,Afyonkarahisar/Sandıklı
Fiat,Egea,619.000 TL,2019,80.000,İstanbul/Avcılar
Renault,Megane,939.750 TL,2020,114.000,İstanbul/Avcılar
BMW,1 Serisi,1.137.500 TL,2018,124.950,İstanbul/Bakırköy
Renault,Megane,215.000 TL,1999,350.000,Yozgat/Sarıkaya
BMW,3 Serisi,1.284.750 TL,2016,164.000,İstanbul/Ataşehir
Volkswagen,Jetta,975.000 TL,2015,76.000,Kütahya/Merkez
Renault,Megane,955.000 TL,2020,128.000,İstanbul/Esenyurt
Skoda,Superb,1.250.000 TL,2016,190.000,Kahramanmaraş/Onikişubat
Opel,Agila,285.000 TL,2001,212.000,Kırıkkale/Merkez
Peugeot,301,632.000 TL,2020,120.000,İzmir/Tire
BMW,Z Serisi,2.175.000 TL,2012,142.000,Bursa/Nilüfer
Renault,Fluence,565.000 TL,2013,281.000,Bolu/Merkez
Audi,A5,1.245.000 TL,2013,280.000,Ankara/Yenimahalle
Fiat,Palio,310.000 TL,2004,119.000,Muğla/Milas
Fiat,Egea,639.000 TL,2020,68.000,İstanbul/Ümraniye
Volkswagen,Polo,632.800 TL,2014,229.600,İstanbul/Başakşehir
Hyundai,Accent Era,487.000 TL,2009,196.000,İstanbul/Sultangazi
Audi,A4,1.160.000 TL,2013,259.000,Ankara/Yenimahalle
Opel,Vectra,475.000 TL,2008,297.000,Bartın/Merkez
Fiat,Egea,643.000 TL,2021,131.500,Ankara/Keçiören
Renault,Symbol,325.000 TL,2009,386.000,İstanbul/Küçükçekmece
Volkswagen,Passat,490.000 TL,2005,366.000,Kahramanmaraş/Onikişubat
Renault,Clio,755.000 TL,2022,6.001,Aksaray/Merkez
Opel,Astra,710.000 TL,2017,110.000,Kütahya/Tavşanlı
Honda,Civic,1.049.000 TL,2015,96.000,Kırıkkale/Merkez
Skoda,Octavia,1.130.000 TL,2018,165.000,İstanbul/Üsküdar
Hyundai,Accent Era,515.000 TL,2010,242.000,İstanbul/Bağcılar
Renault,Clio,755.000 TL,2020,145.000,İstanbul/Arnavutköy
Renault,Megane,340.000 TL,2006,320.000,Malatya/Battalgazi
Volvo,S90,2.950.000 TL,2020,112.000,Malatya/Darende
Fiat,Egea,782.000 TL,2023,56.000,Ankara/Etimesgut
Mercedes-Benz,E Serisi,999.900 TL,2006,346.000,Ankara/Pursaklar
Opel,Corsa,595.000 TL,2008,177.000,Tekirdağ/Çorlu
Honda,Civic,1.299.000 TL,2019,95.000,Kırıkkale/Merkez
Dacia,Sandero,569.950 TL,2014,159.000,Sakarya/Hendek
Volkswagen,Passat,388.000 TL,2004,320.000,Ankara/Polatlı
Mercedes-Benz,C Serisi,1.169.900 TL,2012,222.000,Sakarya/Hendek
Volkswagen,Jetta,699.000 TL,2015,258.000,Hatay/Defne
Kia,Rio,328.000 TL,2011,310.000,Ankara/Polatlı
Porsche,Panamera,2.848.000 TL,2012,238.000,İstanbul/Bağcılar
Honda,Jazz,1.055.000 TL,2019,54.000,Amasya/Merzifon
Hyundai,i30,999.000 TL,2018,145.000,İstanbul/Maltepe
Volkswagen,Passat,1.175.000 TL,2018,165.000,İstanbul/Esenyurt
Mercedes-Benz,C Serisi,1.799.000 TL,2020,108.000,İstanbul/Pendik
Fiat,Linea,439.000 TL,2012,229.000,Ankara/Yenimahalle
Ford,Focus,845.000 TL,2015,150.000,Osmaniye/Düziçi
Fiat,Egea,699.999 TL,2018,25.000,Muğla/Ortaca
Geely,Echo,237.500 TL,2009,158.000,Muş/Merkez
BMW,2 Serisi,1.625.000 TL,2020,110.000,Balıkesir/Burhaniye
Audi,A3,1.120.000 TL,2015,140.000,Diyarbakır/Silvan
BMW,5 Serisi,1.455.000 TL,2013,225.000,Ankara/Çankaya
Ford,Focus,1.315.000 TL,2023,30.000,Diyarbakır/Kayapınar
Skoda,Superb,1.399.000 TL,2017,132.000,Kayseri/Kocasinan
Renault,Fluence,469.000 TL,2014,223.000,Hatay/Defne
Fiat,Egea,672.000 TL,2017,99.000,Kocaeli/Darıca
Honda,Civic,615.000 TL,2007,224.000,İstanbul/Bahçelievler
Honda,Civic,649.999 TL,2010,188.000,İstanbul/Bayrampaşa
Fiat,Albea,222.500 TL,2012,925.000,İstanbul/Esenler
Skoda,Octavia,999.750 TL,2019,165.000,Manisa/Turgutlu
Renault,Fluence,435.000 TL,2012,355.555,İzmir/Çiğli
Renault,Megane,917.500 TL,2021,117.000,İstanbul/Avcılar
Opel,Astra,556.000 TL,2011,150.000,Afyonkarahisar/Merkez
Tofaş,Doğan,199.500 TL,1996,200.000,Kahramanmaraş/Onikişubat
Mercedes-Benz,A Serisi,1.150.000 TL,2014,167.000,Tekirdağ/Çorlu
Renault,Megane,1.349.900 TL,2023,33.000,Ankara/Pursaklar
Renault,Clio,579.750 TL,2013,125.000,İzmir/Bornova
BMW,5 Serisi,1.659.000 TL,2016,165.000,İstanbul/Beşiktaş
Ford,Focus,715.500 TL,2013,127.000,Karaman/Merkez
Peugeot,206 +,308.750 TL,2012,165.000,Kastamonu/Merkez
Renault,Clio,405.000 TL,2011,265.000,Sakarya/Akyazı
Volkswagen,Passat,1.365.000 TL,2020,98.000,Kırıkkale/Merkez
Mercedes-Benz,A Serisi,985.000 TL,2013,210.000,Bursa/Osmangazi
Hyundai,i20,890.000 TL,2022,84.000,Bolu/Merkez
Hyundai,i20,765.000 TL,2018,187.000,İstanbul/Başakşehir
Renault,Megane,358.750 TL,2004,340.000,İstanbul/Silivri
Peugeot,208,727.500 TL,2015,60.500,Isparta/Merkez
Ford,Focus,1.099.900 TL,2022,65.000,İstanbul/Bağcılar
Skoda,Superb,1.985.000 TL,2023,94.000,Samsun/Atakum
Volkswagen,Passat,690.000 TL,2010,227.000,Kocaeli/Gebze
Volkswagen,Golf,765.000 TL,2014,240.000,Batman/Merkez
Volkswagen,Polo,1.089.000 TL,2018,110.000,Ankara/Sincan
Hyundai,Accent Blue,630.000 TL,2015,155.000,Burdur/Bucak
Opel,Astra,709.000 TL,2018,254.000,Ankara/Mamak
Renault,Taliant,755.000 TL,2021,83.550,İstanbul/Küçükçekmece
Renault,Megane,405.000 TL,2005,312.000,Antalya/Kepez
Audi,A5,3.749.950 TL,2023,15.000,İstanbul/Bağcılar
Audi,A5,3.749.950 TL,2023,15.000,İstanbul/Bağcılar
BMW,5 Serisi,1.895.000 TL,2016,95.000,İstanbul/Sancaktepe
Mercedes-Benz,E Serisi,1.699.000 TL,2012,246.000,Antalya/Konyaaltı
Volkswagen,Polo,455.000 TL,2004,174.000,Tokat/Erbaa
Renault,Clio,917.000 TL,2023,26.270,İstanbul/Küçükçekmece
Mercedes-Benz,E Serisi,4.650.000 TL,2021,125.000,Bursa/Nilüfer
Audi,A4,1.475.000 TL,2017,290.000,Çanakkale/Merkez
Seat,Leon,935.000 TL,2013,148.000,Amasya/Taşova
Peugeot,207,465.000 TL,2009,175.000,Ankara/Yenimahalle
Renault,Clio,879.500 TL,2021,70.500,İstanbul/Sancaktepe
Toyota,Corolla,615.000 TL,2009,226.000,Isparta/Merkez
Dacia,Sandero,882.000 TL,2023,25.400,İstanbul/Küçükçekmece
Fiat,Egea,697.750 TL,2021,79.000,İstanbul/Sancaktepe
BMW,3 Serisi,1.235.000 TL,2016,194.000,Bartın/Merkez
Opel,Insignia,909.999 TL,2016,189.000,Sakarya/Hendek
Renault,Clio,812.000 TL,2021,74.200,İstanbul/Küçükçekmece
Toyota,Corolla,730.000 TL,2016,157.000,Malatya/Yeşilyurt
Fiat,Linea,430.000 TL,2014,168.000,Kocaeli/Çayırova
Volkswagen,Jetta,579.000 TL,2013,322.000,İstanbul/Tuzla
Fiat,Tempra,269.000 TL,1994,210.000,Bartın/Merkez
Volkswagen,Scirocco,1.020.000 TL,2016,115.000,Düzce/Merkez
BMW,1 Serisi,1.310.000 TL,2017,75.000,İstanbul/Esenyurt
Opel,Vectra,399.900 TL,2004,265.000,Bartın/Merkez
Renault,Clio,749.000 TL,2023,23.000,Tekirdağ/Saray
BMW,3 Serisi,2.715.000 TL,2022,81.000,İstanbul/Ümraniye
Ford,Focus,585.000 TL,2012,252.000,Aydın/Nazilli
BMW,Z Serisi,825.000 TL,2005,150.000,İstanbul/Eyüpsultan
Fiat,500 Ailesi,799.000 TL,2016,99.000,Mersin/Toroslar
Audi,A4,1.210.000 TL,2015,170.000,Adıyaman/Kahta
Volkswagen,Passat,1.770.000 TL,2018,50.300,Kırşehir/Merkez
Volkswagen,Jetta,1.050.000 TL,2014,286.661,Gümüşhane/Şiran
Volkswagen,Jetta,650.000 TL,2012,363.500,Elazığ/Merkez
Volkswagen,Passat,1.875.000 TL,2017,95.000,Ankara/Mamak
Fiat,Egea,555.000 TL,2020,125.000,İstanbul/Bayrampaşa
Fiat,Egea,700.000 TL,2020,65.000,Tekirdağ/Çerkezköy
Opel,Corsa,1.059.900 TL,2020,28.663,Denizli/Merkezefendi
BMW,7 Serisi,1.285.000 TL,2008,350.000,Tokat/Merkez
Volkswagen,Golf,568.000 TL,2012,258.000,Aksaray/Merkez
Renault,Megane,395.000 TL,2004,270.000,Adana/Seyhan
Seat,Leon,1.245.000 TL,2020,121.900,Isparta/Merkez
Seat,Leon,1.245.000 TL,2020,121.900,Isparta/Merkez
Jaguar,X-Type,650.000 TL,2008,200.000,Hatay/Reyhanlı
Volvo,S60,3.280.000 TL,2024,15.000,Diyarbakır/Bismil
Volkswagen,Passat,730.000 TL,2012,130.000,Mardin/Kızıltepe
Honda,Civic,1.145.000 TL,2019,168.000,Aksaray/Merkez
Renault,Clio,1.025.000 TL,2024,17.000,Erzurum/Yakutiye
Renault,Clio,1.070.000 TL,2024,16.000,Kayseri/Melikgazi
Fiat,Egea,759.000 TL,2020,150.000,İstanbul/Esenyurt
Opel,Astra,807.500 TL,2013,175.000,Düzce/Yığılca
Mercedes-Benz,CLA,1.164.750 TL,2015,207.000,İstanbul/Beylikdüzü
Toyota,Corolla,1.159.000 TL,2020,77.000,İstanbul/Esenyurt
Toyota,Corolla,1.237.000 TL,2020,85.000,İstanbul/Esenyurt
Toyota,Corolla,1.279.000 TL,2021,79.000,İstanbul/Esenyurt
BMW,5 Serisi,1.190.000 TL,2011,294.500,İstanbul/Pendik
BMW,2 Serisi,785.000 TL,2015,117.000,Mersin/Yenişehir
Volkswagen,Passat,1.389.000 TL,2020,39.000,İstanbul/Gaziosmanpaşa
Audi,A6,2.745.000 TL,2020,112.000,İstanbul/Sultangazi
Volvo,V90 Cross Country,2.389.000 TL,2020,140.000,Bursa/Osmangazi
Volkswagen,Passat,1.549.000 TL,2017,170.000,İstanbul/Gaziosmanpaşa
Fiat,Egea,459.000 TL,2017,238.000,İstanbul/Arnavutköy
BMW,3 Serisi,1.595.000 TL,2015,54.000,Yozgat/Yerköy
Citroen,C-Elysée,685.000 TL,2021,126.000,Gaziantep/Şehitkamil
Mercedes-Benz,C Serisi,1.150.000 TL,2013,239.000,Kocaeli/Gebze
Peugeot,206,285.000 TL,2000,225.000,Sakarya/Erenler
Renault,Megane,955.000 TL,2017,149.000,İstanbul/Sultanbeyli
Hyundai,i20,385.000 TL,2012,229.000,Kocaeli/Çayırova
Ford,Focus,894.750 TL,2017,131.000,Aksaray/Merkez
Mercedes-Benz,C Serisi,1.539.000 TL,2018,199.500,İstanbul/Bağcılar
BMW,3 Serisi,1.099.000 TL,2014,205.000,Bursa/Osmangazi
BMW,3 Serisi,1.285.000 TL,2014,148.000,Muğla/Bodrum
Volvo,S60,1.075.000 TL,2018,169.000,Sivas/Merkez
Chrysler,300 C,1.275.000 TL,2006,139.000,Ankara/Çankaya
Skoda,Octavia,1.130.000 TL,2019,130.000,Kocaeli/Körfez
Volkswagen,Passat,520.000 TL,2006,225.000,Ankara/Polatlı
Opel,Astra,680.000 TL,2015,186.550,Malatya/Yeşilyurt
Toyota,Corolla,949.000 TL,2021,81.000,İstanbul/Ataşehir
Renault,Megane,1.155.000 TL,2020,74.000,Bursa/Osmangazi
Volkswagen,Passat,1.555.000 TL,2022,97.500,İstanbul/Sarıyer
Mercedes-Benz,E Serisi,485.000 TL,1996,421.000,Kütahya/Tavşanlı
Audi,A4,1.120.000 TL,2014,205.000,Karaman/Merkez
Mercedes-Benz,C Serisi,4.250.000 TL,2023,8.000,Düzce/Akçakoca
Audi,A6,1.650.000 TL,2017,180.000,Kahramanmaraş/Onikişubat
Renault,Clio,985.000 TL,2023,25.000,Düzce/Merkez
Peugeot,301,550.000 TL,2019,84.000,İzmir/Aliağa
Volkswagen,Polo,1.259.000 TL,2023,37.500,Antalya/Kepez
Hyundai,i20,765.000 TL,2014,102.500,Şanlıurfa/Karaköprü
Volkswagen,Polo,1.269.000 TL,2022,27.000,Antalya/Kepez
Audi,A6,6.029.000 TL,2023,15.000,İstanbul/Çekmeköy
Volkswagen,Golf,345.000 TL,2000,325.000,Konya/Ereğli
Audi,A5,1.550.000 TL,2015,230.000,Şanlıurfa/Karaköprü
Ford,Mondeo,575.000 TL,2012,289.000,İstanbul/Kadıköy
Toyota,Auris,745.000 TL,2012,113.000,Balıkesir/Gönen
Volkswagen,Polo,1.307.000 TL,2023,20.000,Antalya/Kepez
Opel,Corsa,685.900 TL,2013,118.000,Elazığ/Merkez
Volkswagen,Polo,1.269.000 TL,2023,27.000,Antalya/Kepez
Skoda,Forman,87.500 TL,1993,133.000,İstanbul/Ümraniye
Fiat,Egea,672.000 TL,2021,106.000,Ağrı/Merkez
BMW,1 Serisi,492.000 TL,2006,198.000,Ankara/Polatlı
Volkswagen,Polo,768.000 TL,2016,92.000,İstanbul/Ümraniye
Volkswagen,Polo,1.289.000 TL,2023,33.000,Antalya/Kepez
BMW,3 Serisi,1.475.000 TL,2016,89.000,Ankara/Mamak
Renault,Fluence,585.000 TL,2011,300.000,Adana/Seyhan
Toyota,Corolla,1.236.000 TL,2021,89.000,İstanbul/Esenyurt
Hyundai,i20,889.000 TL,2023,37.000,İstanbul/Esenyurt
Toyota,Corolla,1.177.000 TL,2021,41.000,İstanbul/Esenyurt
Proton,415,150.000 TL,1998,220.000,Sakarya/Pamukova
Toyota,Corolla,1.157.000 TL,2021,69.900,İstanbul/Esenyurt
Mercedes-Benz,C Serisi,2.199.000 TL,2021,97.000,İstanbul/Avcılar
Opel,Astra,352.500 TL,2001,373.000,Trabzon/Yomra
Renault,Fluence,512.000 TL,2012,261.900,Konya/Selçuklu
Volkswagen,Passat,1.150.000 TL,2016,240.500,Samsun/Tekkeköy
Volkswagen,Golf,849.000 TL,2016,220.000,İstanbul/Bakırköy
Honda,Civic,1.640.000 TL,2022,27.000,Antalya/Kepez
Tofaş,Doğan,315.000 TL,1998,140.000,Konya/Beyşehir
Volkswagen,Scirocco,658.000 TL,2011,200.000,İstanbul/Bahçelievler
Renault,Megane,1.095.000 TL,2021,43.600,Düzce/Merkez
Volkswagen,Passat,890.000 TL,2013,154.000,Aksaray/Merkez
Volkswagen,Passat,1.067.000 TL,2017,202.000,İstanbul/Sultanbeyli
Honda,Civic,1.790.000 TL,2023,32.000,Antalya/Kepez
Renault,Clio,620.000 TL,2013,32.675,İstanbul/Kartal
Honda,Civic,1.792.500 TL,2023,26.000,Antalya/Kepez
Volkswagen,Polo,619.000 TL,2012,95.000,Kırıkkale/Merkez
Peugeot,207,489.000 TL,2008,160.000,İstanbul/Ümraniye
Fiat,Albea,315.000 TL,2010,447.100,Muğla/Milas
Citroen,C-Elysée,724.750 TL,2021,151.500,Denizli/Merkezefendi
BMW,5 Serisi,829.000 TL,2009,245.000,İstanbul/Pendik
BMW,5 Serisi,645.000 TL,2008,398.000,Gaziantep/Şahinbey
Audi,A3,1.480.000 TL,2020,114.000,Mersin/Yenişehir
Honda,Civic,999.000 TL,2016,73.827,Mersin/Mezitli
Ford,Focus,1.245.000 TL,2022,82.000,Tokat/Merkez
Fiat,Egea,625.000 TL,2019,72.000,Şanlıurfa/Karaköprü
Renault,Symbol,410.000 TL,2010,275.000,Adıyaman/Merkez
Ford,Fiesta,674.500 TL,2011,137.000,Ankara/Çankaya
Fiat,Egea,659.000 TL,2022,103.000,İstanbul/Tuzla
Hyundai,i20,478.000 TL,2012,255.000,Ankara/Sincan
Audi,A6,4.150.000 TL,2023,75.000,Antalya/Muratpaşa
Ford,Focus,760.000 TL,2016,270.000,Batman/Merkez
BMW,5 Serisi,1.280.000 TL,2012,293.000,Adana/Seyhan
Volkswagen,Jetta,498.000 TL,2007,200.000,Aydın/Efeler
Opel,Astra,585.000 TL,2012,193.000,İzmir/Ödemiş
Audi,A3,530.000 TL,2004,217.000,Ankara/Pursaklar
Mercedes-Benz,SL,10.750.000 TL,2023,6.321,İstanbul/Beşiktaş
Volkswagen,Passat,1.269.000 TL,2015,129.000,Konya/Karatay
Mercedes-Benz,230,449.000 TL,1988,389.000,Bartın/Merkez
Ford,Focus,1.315.000 TL,2019,80.000,Çorum/Osmancık
Skoda,Favorit,152.000 TL,1993,298.000,Manisa/Alaşehir
Renault,Megane,782.500 TL,2020,150.000,İstanbul/Bağcılar
BMW,5 Serisi,1.875.000 TL,2017,125.000,İzmir/Gaziemir
Audi,A5,1.895.000 TL,2017,187.000,Mersin/Toroslar
Renault,Clio,605.000 TL,2014,97.000,İstanbul/Beylikdüzü
BMW,3 Serisi,1.145.000 TL,2014,178.000,Bursa/Osmangazi
Peugeot,206,395.000 TL,2007,30.000,Rize/Merkez
BMW,i Serisi,1.175.000 TL,2018,53.000,Antalya/Muratpaşa
Volkswagen,Polo,897.000 TL,2021,49.900,İstanbul/Kadıköy
Renault,Megane,947.990 TL,2021,70.000,İstanbul/Esenyurt
Hyundai,i20,792.990 TL,2020,122.000,İstanbul/Esenyurt
Fiat,Tempra,177.000 TL,1997,320.000,İstanbul/Avcılar
Volkswagen,Golf,815.000 TL,2012,177.000,İstanbul/Başakşehir
Renault,Clio,734.990 TL,2018,178.000,İstanbul/Esenyurt
Seat,Leon,853.990 TL,2017,267.000,İstanbul/Esenyurt
Renault,Fluence,587.500 TL,2011,249.500,Denizli/Pamukkale
Opel,Meriva,345.000 TL,2003,330.000,Yozgat/Sarıkaya
Mercedes-Benz,E Serisi,1.759.000 TL,2015,125.000,İstanbul/Sultangazi
Skoda,Octavia,745.000 TL,2016,285.000,Kocaeli/Körfez
Mercedes-Benz,E Serisi,2.110.000 TL,2016,218.000,İstanbul/Esenyurt
Opel,Astra,767.500 TL,2015,129.800,Denizli/Pamukkale
Skoda,Scala,894.990 TL,2020,142.000,İstanbul/Esenyurt
Volkswagen,Passat,944.990 TL,2015,260.000,İstanbul/Esenyurt
Fiat,Punto,359.750 TL,2012,343.000,İzmir/Bornova
Volkswagen,Golf,758.750 TL,2011,107.500,İstanbul/Ümraniye
Opel,Astra,835.000 TL,2021,71.000,Bursa/Yıldırım
Volkswagen,Jetta,638.000 TL,2015,207.000,İstanbul/Esenler
Mercedes-Benz,E Serisi,5.000.000 TL,2024,6.001,İstanbul/Başakşehir
Renault,Laguna,198.500 TL,1995,341.000,Kocaeli/Körfez
Volkswagen,Golf,1.055.000 TL,2017,200.000,İzmir/Torbalı
Dacia,Logan,289.000 TL,2007,350.000,İstanbul/Pendik
Honda,Accord,308.500 TL,2004,390.000,Kocaeli/Körfez
Opel,Corsa,308.500 TL,2003,340.000,Kocaeli/Körfez
Toyota,Corolla,1.055.000 TL,2020,91.000,İstanbul/Esenyurt
BMW,4 Serisi,1.690.000 TL,2015,237.420,Ankara/Çankaya
Seat,Leon,945.000 TL,2017,139.000,İzmir/Karşıyaka
Renault,Clio,650.000 TL,2017,150.000,Antalya/Kepez
BMW,M Serisi,3.750.000 TL,2016,92.000,Kırşehir/Merkez
Opel,Astra,315.000 TL,2007,260.000,İstanbul/Pendik
Skoda,Octavia,1.075.000 TL,2015,137.000,İstanbul/Sultangazi
Chevrolet,Cruze,529.500 TL,2012,165.000,İstanbul/Küçükçekmece
Renault,Megane,440.000 TL,2004,235.000,Kastamonu/Merkez
Renault,Clio,660.000 TL,2020,118.000,İstanbul/Pendik
BMW,3 Serisi,1.279.000 TL,2012,80.000,İstanbul/Bakırköy
Renault,Taliant,635.000 TL,2022,62.000,Adana/Seyhan
BMW,5 Serisi,3.680.000 TL,2023,30.500,İstanbul/Çekmeköy
Volkswagen,Golf,965.000 TL,2014,215.000,Mersin/Toroslar
Fiat,Egea,715.000 TL,2022,39.000,Samsun/Bafra
Renault,Clio,527.500 TL,2014,199.000,İzmir/Konak
Volkswagen,Polo,885.000 TL,2015,77.000,Sivas/Merkez
Fiat,Egea,855.000 TL,2019,47.000,Kastamonu/Merkez
Toyota,Corolla,1.249.500 TL,2022,42.000,Ankara/Yenimahalle
Mercedes-Benz,CLA,860.000 TL,2013,364.000,Bingöl/Merkez
Volkswagen,Passat,1.655.000 TL,2016,173.000,Aksaray/Merkez
Audi,A4,2.125.000 TL,2020,93.000,Antalya/Kepez
Honda,Civic,1.148.998 TL,2020,119.000,İzmir/Güzelbahçe
Fiat,Egea,659.000 TL,2021,96.000,Kırıkkale/Merkez
Mercedes-Benz,E Serisi,3.889.000 TL,2023,35.000,İstanbul/Bağcılar
Audi,A3,1.290.000 TL,2016,94.000,Aksaray/Merkez
Fiat,Egea,695.000 TL,2020,94.000,Çanakkale/Merkez
Opel,Meriva,339.900 TL,2006,235.000,İstanbul/Bağcılar
Fiat,Linea,449.750 TL,2014,213.000,Niğde/Merkez
Opel,Corsa,425.000 TL,2010,104.300,Eskişehir/Odunpazarı
Renault,Clio,725.000 TL,2020,128.000,Antalya/Kepez
Renault,Symbol,375.000 TL,2011,208.000,İzmir/Karabağlar
Skoda,Superb,2.610.000 TL,2024,6.001,Diyarbakır/Bismil
Renault,Clio,475.000 TL,2008,129.000,Kocaeli/Çayırova
Audi,A1,679.000 TL,2013,213.500,İstanbul/Küçükçekmece
Seat,Leon,815.000 TL,2014,200.000,İstanbul/Pendik
Volkswagen,Polo,860.000 TL,2014,22.100,Tekirdağ/Süleymanpaşa
Mercedes-Benz,C Serisi,3.625.000 TL,2023,29.800,Tekirdağ/Çorlu
Volkswagen,Polo,409.000 TL,2005,270.000,Mersin/Tarsus
Renault,Clio,845.000 TL,2022,103.000,Kocaeli/Başiskele
Honda,Civic,949.000 TL,2013,184.000,Sivas/Merkez
Mercedes-Benz,C Serisi,3.685.000 TL,2023,16.000,Tekirdağ/Çorlu
Tofaş,Şahin,169.750 TL,2000,250.000,Düzce/Merkez
Skoda,Superb,915.000 TL,2016,234.000,Çankırı/Merkez
BMW,4 Serisi,1.500.000 TL,2015,150.000,Tekirdağ/Süleymanpaşa
Renault,Clio,445.000 TL,2013,262.000,İzmir/Urla
Renault,Fluence,689.000 TL,2014,127.500,İstanbul/Küçükçekmece
Volkswagen,Passat,1.485.000 TL,2020,120.000,İstanbul/Esenyurt
BMW,5 Serisi,1.575.000 TL,2014,145.000,Kocaeli/Gebze
Chevrolet,Cruze,669.000 TL,2013,106.000,Bursa/Osmangazi
Honda,City,1.165.000 TL,2023,18.000,Kocaeli/Gebze
Volkswagen,Passat,1.175.500 TL,2016,175.000,Bingöl/Solhan
Toyota,Corolla,1.319.000 TL,2022,84.000,İstanbul/Sancaktepe
Honda,Civic,1.192.500 TL,2018,74.500,Kocaeli/Derince
Renault,Clio,795.000 TL,2021,74.000,Kırşehir/Merkez
Fiat,Linea,437.000 TL,2015,167.850,İstanbul/Sultangazi
Audi,A6,3.650.000 TL,2020,100.000,İstanbul/Esenyurt
Ford,Focus,905.000 TL,2018,168.000,Mardin/Kızıltepe
Peugeot,301,468.000 TL,2014,239.000,Samsun/Tekkeköy
Renault,Clio,835.000 TL,2022,42.000,İstanbul/Sancaktepe
Fiat,Siena,266.750 TL,2001,210.000,Kocaeli/Körfez
Hyundai,i20,735.000 TL,2019,183.000,Kocaeli/Darıca
Mercedes-Benz,A Serisi,1.750.000 TL,2021,125.000,Hatay/Antakya
Mercedes-Benz,C Serisi,1.649.500 TL,2017,111.500,İstanbul/Esenyurt
Renault,Megane,870.000 TL,2018,189.000,Van/Tuşba
Toyota,Corolla,929.000 TL,2014,158.000,Ankara/Etimesgut
BMW,5 Serisi,1.070.000 TL,2012,319.200,Antalya/Konyaaltı
Citroen,AMI,370.000 TL,2023,6.001,İstanbul/Pendik
BMW,5 Serisi,1.175.000 TL,2012,252.000,İstanbul/Kağıthane
Skoda,Octavia,960.000 TL,2016,204.000,Van/Tuşba
Toyota,Corolla,739.750 TL,2014,223.000,Kocaeli/Derince
Ford,Focus,779.000 TL,2015,167.000,Ankara/Yenimahalle
Peugeot,508,820.000 TL,2016,240.000,Tekirdağ/Süleymanpaşa
Renault,Megane,895.000 TL,2020,160.000,İstanbul/Maltepe
Ford,Focus,1.129.750 TL,2020,102.000,Aksaray/Merkez
Citroen,AMI,315.000 TL,2022,10.500,Kayseri/Kocasinan
Renault,Clio,675.000 TL,2022,80.000,Tekirdağ/Hayrabolu
BMW,3 Serisi,1.100.000 TL,2014,198.000,Ankara/Yenimahalle
Mercedes-Benz,S Serisi,6.750.000 TL,2018,178.000,İstanbul/Bağcılar
BMW,3 Serisi,1.165.000 TL,2013,195.000,Muğla/Bodrum
Fiat,Linea,354.900 TL,2010,356.000,Ankara/Akyurt
Peugeot,206,347.000 TL,2006,238.000,İstanbul/Bağcılar
Renault,Megane,1.189.000 TL,2020,89.000,İstanbul/Esenyurt
Toyota,Corolla,1.219.000 TL,2020,47.000,İstanbul/Esenyurt
Toyota,Corolla,280.000 TL,1999,320.000,Tekirdağ/Süleymanpaşa
Honda,City,864.950 TL,2022,35.000,İstanbul/Esenyurt
Renault,Megane,819.000 TL,2018,219.300,Bursa/İnegöl
Renault,Megane,1.137.000 TL,2020,118.000,İstanbul/Esenyurt
Audi,A3,820.000 TL,2012,210.000,Düzce/Merkez
BMW,1 Serisi,1.015.000 TL,2015,189.000,Bursa/Gemlik
Renault,Clio,730.000 TL,2016,183.000,Antalya/Serik
Nissan,Micra,870.000 TL,2020,62.500,Kırıkkale/Merkez
Peugeot,301,639.900 TL,2014,73.000,Ankara/Keçiören
Hyundai,Elantra,725.000 TL,2014,169.500,Kocaeli/Gebze
Toyota,Corolla,1.167.000 TL,2020,62.000,İstanbul/Esenyurt
Peugeot,308,397.500 TL,2008,162.000,İstanbul/Beylikdüzü
Hyundai,i20,849.000 TL,2015,97.000,Kocaeli/Gebze
Skoda,Superb,1.235.000 TL,2018,154.000,İstanbul/Esenyurt
Hyundai,i20,1.082.500 TL,2024,8.000,Kocaeli/Körfez
Nissan,Micra,435.000 TL,2011,165.000,İstanbul/Ataşehir
Mercedes-Benz,E Serisi,4.250.000 TL,2021,65.000,İstanbul/Ümraniye
Mercedes-Benz,C Serisi,1.110.000 TL,2013,234.000,Ankara/Sincan
Audi,A3,1.152.500 TL,2016,170.000,Ankara/Sincan
BMW,5 Serisi,1.150.000 TL,2012,293.000,Ankara/Sincan
Volkswagen,Polo,665.000 TL,2010,208.200,Osmaniye/Merkez
Mercedes-Benz,C Serisi,2.950.000 TL,2022,70.000,Bursa/Yıldırım
Hyundai,i20,925.000 TL,2016,54.000,Muğla/Milas
BMW,3 Serisi,690.000 TL,2006,162.000,Bursa/Nilüfer
Renault,Clio,688.800 TL,2017,198.000,İstanbul/Esenyurt
Volkswagen,Golf,829.750 TL,2014,139.200,Samsun/Atakum
Honda,Civic,1.265.000 TL,2020,105.000,Kocaeli/Derince
Volkswagen,Passat,1.795.000 TL,2020,104.000,Tekirdağ/Çerkezköy
Renault,Megane,1.299.000 TL,2020,42.200,Bursa/İnegöl
Renault,Clio,329.000 TL,2005,248.000,Konya/Selçuklu
Mercedes-Benz,CLA,1.538.500 TL,2016,197.000,Ankara/Keçiören
Nissan,Micra,595.000 TL,2014,137.000,Muğla/Bodrum
Tofaş,Şahin,240.000 TL,2000,185.000,Manisa/Salihli
Opel,Corsa,255.000 TL,2003,173.000,Sakarya/Serdivan
Peugeot,508,1.195.750 TL,2020,127.963,İstanbul/Kartal
Volkswagen,Passat,1.295.000 TL,2017,165.000,İstanbul/Küçükçekmece
Toyota,Corolla,725.000 TL,2016,108.197,İstanbul/Esenyurt
Audi,A4,1.369.000 TL,2017,195.000,Ankara/Sincan
Tofaş,Serçe,109.000 TL,1993,100.000,Afyonkarahisar/Dinar
Ford,Focus,1.169.000 TL,2020,115.000,Ankara/Etimesgut
Renault,Clio,865.000 TL,2022,93.000,İstanbul/Küçükçekmece
Chevrolet,Cruze,485.000 TL,2012,183.000,Malatya/Yeşilyurt
Volkswagen,Golf,745.500 TL,2011,207.802,Ankara/Beypazarı
Fiat,Egea,754.000 TL,2021,50.000,İstanbul/Üsküdar
Volkswagen,Passat,1.399.000 TL,2019,175.000,Ankara/Sincan
Volkswagen,Polo,935.000 TL,2016,81.000,Muğla/Milas
Peugeot,301,434.500 TL,2013,133.000,İstanbul/Kartal
BMW,5 Serisi,3.795.000 TL,2023,20.782,İstanbul/Beylikdüzü
Skoda,Octavia,899.000 TL,2018,170.000,İstanbul/Bahçelievler
Hyundai,Elantra,1.195.000 TL,2021,51.000,Antalya/Kepez
Mercedes-Benz,CLA,2.517.000 TL,2023,19.700,İstanbul/Ümraniye
Volkswagen,Jetta,615.000 TL,2013,265.000,Gaziantep/Nizip
BMW,3 Serisi,2.250.000 TL,2019,95.000,Niğde/Merkez
Renault,Megane,997.750 TL,2022,75.000,İstanbul/Esenyurt
Hyundai,i20,359.000 TL,2012,329.000,İstanbul/Sultangazi
Toyota,Corolla,1.190.000 TL,2020,98.000,İstanbul/Ümraniye
Volkswagen,Passat,1.459.000 TL,2015,130.000,Ankara/Sincan
Fiat,Egea,630.000 TL,2020,148.000,Konya/Selçuklu
Renault,Clio,632.900 TL,2022,43.000,İstanbul/Avcılar
Toyota,Auris,619.000 TL,2009,125.000,Aydın/Efeler
Peugeot,308,685.000 TL,2015,258.000,Adana/Seyhan
Volkswagen,Passat,1.539.000 TL,2020,104.000,İstanbul/Ataşehir
Ford,Focus,825.000 TL,2016,198.000,Antalya/Muratpaşa
Opel,Corsa,705.000 TL,2016,85.500,Isparta/Gelendost
Volkswagen,Passat,1.448.000 TL,2021,72.000,İstanbul/Esenyurt
Ford,Focus,1.020.000 TL,2020,144.000,Kocaeli/Gebze
Renault,Clio,268.000 TL,2004,268.000,Balıkesir/Edremit
Audi,A3,885.000 TL,2012,220.000,Kırşehir/Merkez
Volkswagen,Golf,1.279.000 TL,2021,42.000,İstanbul/Esenyurt
Ford,Focus,989.000 TL,2017,54.000,Ankara/Sincan
Fiat,Egea,992.000 TL,2023,19.000,Ankara/Akyurt
Renault,Clio,869.000 TL,2022,45.000,İstanbul/Ataşehir
Mercedes-Benz,E Serisi,4.750.000 TL,2022,71.997,İstanbul/Beylikdüzü
Peugeot,301,408.000 TL,2016,253.000,Gaziantep/Şehitkamil
Volkswagen,Passat,1.299.750 TL,2015,190.000,İstanbul/Ümraniye
Fiat,Egea,629.000 TL,2019,69.000,Kırıkkale/Merkez
Volkswagen,Passat,525.000 TL,2007,320.000,Bursa/Osmangazi
Ford,Focus,549.000 TL,2010,270.000,Ankara/Keçiören
Ford,Focus,549.000 TL,2010,270.000,Ankara/Keçiören
Opel,Insignia,729.000 TL,2013,98.000,Ankara/Akyurt
BMW,3 Serisi,1.600.000 TL,2016,165.000,Konya/Selçuklu
Mercedes-Benz,E Serisi,4.200.000 TL,2023,35.000,Tekirdağ/Süleymanpaşa
Toyota,Corolla,1.259.000 TL,2021,55.000,Kocaeli/Gebze
Fiat,Egea,865.000 TL,2022,83.700,Malatya/Yeşilyurt
Renault,Megane,315.750 TL,2007,330.000,İstanbul/Sultangazi
BMW,3 Serisi,1.190.000 TL,2012,260.000,Kırşehir/Merkez
Citroen,C-Elysée,709.000 TL,2021,73.000,İstanbul/Kartal
Peugeot,508,1.995.000 TL,2023,11.444,İstanbul/Beylikdüzü
Fiat,Albea,279.000 TL,2006,279.000,Samsun/Çarşamba
Opel,Corsa,990.000 TL,2023,39.000,Bursa/Nilüfer
Fiat,Linea,375.000 TL,2009,237.000,Bursa/İnegöl
Honda,Civic,162.750 TL,1991,299.999,İstanbul/Sultangazi
BMW,5 Serisi,2.545.000 TL,2021,110.000,İstanbul/Ataşehir
Mercedes-Benz,E Serisi,1.270.000 TL,2004,252.000,Ankara/Yenimahalle
Mercedes-Benz,E Serisi,1.999.000 TL,2017,180.000,Ankara/Yenimahalle
Chrysler,Sebring,507.500 TL,2005,178.000,İstanbul/Kadıköy
BMW,1 Serisi,730.000 TL,2010,156.000,Tekirdağ/Süleymanpaşa
BMW,5 Serisi,1.534.900 TL,2016,162.000,Ankara/Çankaya
Renault,Symbol,545.000 TL,2017,177.000,İstanbul/Sultangazi
Peugeot,206,238.000 TL,2002,359.000,Gaziantep/Şahinbey
Renault,Clio,1.250.000 TL,2024,6.001,Tekirdağ/Süleymanpaşa
Fiat,Linea,409.900 TL,2016,190.000,İstanbul/Beylikdüzü
Seat,Leon,829.000 TL,2015,238.000,Eskişehir/Odunpazarı
Audi,A6,2.300.000 TL,2016,179.000,Tokat/Erbaa
Opel,Astra,969.000 TL,2020,33.750,Kırıkkale/Yahşihan
Seat,Ibiza,760.000 TL,2017,80.500,İstanbul/Bakırköy
Mercedes-Benz,C Serisi,2.325.000 TL,2021,86.000,İstanbul/Sancaktepe
Citroen,C-Elysée,555.000 TL,2020,75.000,Şanlıurfa/Haliliye
BMW,3 Serisi,695.000 TL,2006,293.000,Yozgat/Sarıkaya
Dacia,Sandero,599.999 TL,2016,173.000,İstanbul/Esenyurt
Volkswagen,Passat,1.500.000 TL,2019,214.500,Ağrı/Doğubayazıt
Toyota,Corolla,650.000 TL,2011,127.000,Tekirdağ/Malkara
Peugeot,307,414.900 TL,2004,191.000,Ankara/Akyurt
Renault,Fluence,745.000 TL,2015,163.000,Manisa/Salihli
Renault,Fluence,575.900 TL,2012,270.000,Hatay/Antakya
Fiat,Egea,879.000 TL,2022,38.000,Kocaeli/Gebze
Mini,Cooper,1.356.000 TL,2016,58.628,Antalya/Alanya
Ford,Focus,785.000 TL,2017,225.000,Adana/Çukurova
Toyota,Corolla,1.288.000 TL,2023,65.000,Kahramanmaraş/Onikişubat
Audi,A3,1.745.500 TL,2021,59.000,Adana/Seyhan
Volkswagen,Beetle,769.000 TL,2013,190.000,Ankara/Akyurt
Renault,Clio,545.000 TL,2014,185.000,İstanbul/Sarıyer
Kia,Picanto,805.750 TL,2020,22.500,Antalya/Alanya
BMW,7 Serisi,3.400.000 TL,2015,275.000,Ankara/Yenimahalle
BMW,4 Serisi,3.325.000 TL,2023,25.000,Amasya/Merkez
BMW,5 Serisi,2.375.000 TL,2019,83.000,İstanbul/Ümraniye
Renault,Clio,499.000 TL,2018,115.000,İstanbul/Bayrampaşa
Renault,Megane,1.285.000 TL,2023,23.000,Tekirdağ/Süleymanpaşa
Citroen,C4 X,1.289.000 TL,2023,40.000,Elazığ/Merkez
Renault,Clio,589.500 TL,2020,112.500,Ankara/Keçiören
Renault,Fluence,625.000 TL,2016,217.500,Hatay/Kırıkhan
Renault,Clio,739.000 TL,2020,165.000,Ordu/Fatsa
Dacia,Lodgy,860.000 TL,2021,57.000,Sivas/Merkez
Hyundai,Accent Era,409.000 TL,2007,229.000,Denizli/Honaz
Skoda,Rapid,715.000 TL,2016,193.000,Mardin/Artuklu
Renault,Laguna,515.750 TL,2010,270.000,Adana/Seyhan
Maserati,Quattroporte,2.870.000 TL,2006,128.000,İstanbul/Kadıköy
Fiat,Egea,769.000 TL,2021,34.000,Gaziantep/Şehitkamil
Renault,Megane,840.000 TL,2019,162.000,İstanbul/Bağcılar
Renault,Symbol,497.500 TL,2011,126.850,Zonguldak/Ereğli
BMW,7 Serisi,11.400.000 TL,2023,56.000,Ankara/Akyurt
Hyundai,Accent Blue,335.000 TL,2012,665.000,Mersin/Akdeniz
Fiat,Linea,368.500 TL,2014,285.000,Kocaeli/Körfez
Fiat,Siena,238.000 TL,2000,280.000,Karabük/Merkez
Honda,Civic,1.135.000 TL,2019,113.000,İstanbul/Üsküdar
Ford,Focus,1.187.000 TL,2021,24.000,İstanbul/Küçükçekmece
Toyota,Corolla,1.129.000 TL,2021,31.000,Elazığ/Merkez
Renault,Megane,1.000.000 TL,2020,168.000,Ağrı/Doğubayazıt
Opel,Corsa,335.000 TL,1999,232.000,Kütahya/Merkez
Skoda,Superb,1.340.000 TL,2016,185.800,Van/Tuşba
Peugeot,307,299.000 TL,2004,300.000,Ordu/Fatsa
BMW,3 Serisi,1.395.000 TL,2015,153.000,Antalya/Kumluca
Fiat,126 Bis,300.000 TL,1991,57.300,İstanbul/Kadıköy
Mercedes-Benz,E Serisi,1.270.000 TL,2012,275.000,Muğla/Köyceğiz
Volkswagen,Beetle,885.750 TL,2013,144.000,Sakarya/Arifiye
Renault,R 12,119.500 TL,1991,190.000,Adıyaman/Kahta
Volkswagen,Golf,1.127.500 TL,2015,102.850,İstanbul/Beyoğlu
Fiat,Egea,565.000 TL,2021,126.000,Antalya/Kepez
Fiat,Egea,565.000 TL,2021,126.000,Antalya/Kepez
Ford,Focus,868.500 TL,2015,162.000,Ankara/Mamak
Fiat,Egea,550.000 TL,2019,169.500,Van/İpekyolu
Renault,Megane,1.145.000 TL,2017,77.000,İstanbul/Beykoz
Opel,Astra,825.000 TL,2015,137.000,Kütahya/Simav
Opel,Astra,390.000 TL,2001,218.000,Bilecik/Bozüyük
Volkswagen,Polo,1.325.000 TL,2023,12.000,İstanbul/Kağıthane
Renault,Clio,626.750 TL,2017,91.000,Eskişehir/Odunpazarı
Seat,Leon,550.000 TL,2012,192.000,Nevşehir/Merkez
Renault,Megane,1.049.000 TL,2021,81.000,Elazığ/Merkez
Honda,Civic,1.249.900 TL,2021,104.000,Ankara/Akyurt
Peugeot,301,575.000 TL,2019,106.000,İstanbul/Bağcılar
Mercedes-Benz,E Serisi,3.490.000 TL,2020,47.000,İstanbul/Bağcılar
Fiat,Egea,679.500 TL,2021,80.878,Kocaeli/Gebze
Volkswagen,Passat,1.525.000 TL,2021,89.000,İstanbul/Eyüpsultan
Audi,A3,1.245.000 TL,2015,152.000,Zonguldak/Ereğli
Ford,Focus,1.169.900 TL,2020,148.000,İstanbul/Sancaktepe
Toyota,Corolla,999.750 TL,2021,235.423,İstanbul/Ataşehir
Mercedes-Benz,C Serisi,2.425.000 TL,2020,29.000,İstanbul/Bağcılar
Renault,Taliant,639.500 TL,2022,75.000,Antalya/Kepez
Volkswagen,Polo,1.135.000 TL,2021,81.000,İstanbul/Esenyurt
Toyota,Corolla,779.000 TL,2015,148.000,İstanbul/Esenyurt
Toyota,Corolla,875.000 TL,2013,116.900,Zonguldak/Ereğli
Toyota,Corolla,1.097.500 TL,2022,77.546,İstanbul/Ataşehir
Volkswagen,Passat,1.295.000 TL,2018,179.000,İstanbul/Bayrampaşa
Fiat,Linea,339.000 TL,2012,314.000,İstanbul/Küçükçekmece
Volkswagen,Passat,1.369.000 TL,2020,82.000,İstanbul/Başakşehir
Opel,Insignia,799.750 TL,2015,220.000,Kocaeli/Derince
Toyota,Corolla,1.045.000 TL,2020,81.000,İstanbul/Avcılar
Ford,Focus,1.079.000 TL,2023,73.000,Kocaeli/Gebze
Seat,Ibiza,775.750 TL,2020,17.000,Antalya/Muratpaşa
Skoda,Octavia,899.000 TL,2017,211.000,İstanbul/Avcılar
Toyota,Corolla,1.114.950 TL,2020,61.000,İstanbul/Sancaktepe
Skoda,Octavia,827.000 TL,2015,215.000,İstanbul/Ümraniye
BMW,5 Serisi,1.239.000 TL,2011,259.000,İstanbul/Kadıköy
Renault,Megane,568.000 TL,2012,236.000,Antalya/Serik
Opel,Astra-e,1.335.000 TL,2023,13.000,İstanbul/Bağcılar
Renault,Clio,859.000 TL,2022,69.000,İstanbul/Küçükçekmece
Honda,Civic,1.015.000 TL,2018,103.000,İstanbul/Avcılar
Fiat,Egea,865.000 TL,2022,70.000,Ankara/Çankaya
Seat,Leon,1.029.000 TL,2016,129.000,Kırıkkale/Merkez
Hyundai,i20,825.000 TL,2019,106.500,İstanbul/Bağcılar
Volkswagen,Passat,675.000 TL,2010,150.000,Zonguldak/Merkez
Honda,Civic,1.140.000 TL,2019,77.000,Antalya/Muratpaşa
Renault,Clio,789.000 TL,2023,58.000,Kocaeli/Gebze
Opel,Astra-e,1.365.000 TL,2023,14.000,İstanbul/Bağcılar
Renault,Clio,450.000 TL,2016,238.250,Ankara/Yenimahalle
Ford,Focus,655.000 TL,2012,199.900,Balıkesir/Karesi
Renault,Megane,509.000 TL,2008,210.000,Kırıkkale/Merkez
Skoda,Octavia,1.110.000 TL,2016,91.000,Erzurum/Yakutiye
Volkswagen,Golf,960.000 TL,2016,75.000,İstanbul/Maltepe
Seat,Leon,639.000 TL,2010,175.000,Aksaray/Ortaköy
Fiat,Egea,685.000 TL,2020,72.000,İstanbul/Bakırköy
Volkswagen,Jetta,780.000 TL,2014,227.000,Van/İpekyolu
Opel,Astra,674.000 TL,2016,191.000,Diyarbakır/Silvan
Mercedes-Benz,C Serisi,1.445.000 TL,2015,125.000,İstanbul/Sultangazi
Fiat,Egea,750.000 TL,2020,156.000,İstanbul/Bağcılar
Renault,Symbol,565.000 TL,2018,215.000,Kocaeli/Darıca
Mercedes-Benz,C Serisi,1.290.000 TL,2016,240.000,İstanbul/Küçükçekmece
Fiat,Egea,743.950 TL,2021,98.623,İstanbul/Sancaktepe
Fiat,Egea,743.950 TL,2021,98.623,İstanbul/Sancaktepe
Renault,Megane,1.065.000 TL,2017,145.000,İstanbul/Sultangazi
Opel,Insignia,698.000 TL,2012,198.000,Ankara/Pursaklar
BMW,5 Serisi,1.585.000 TL,2015,144.000,İstanbul/Küçükçekmece
BMW,5 Serisi,1.439.000 TL,2016,182.428,İstanbul/Ataşehir
BMW,3 Serisi,1.395.000 TL,2017,175.000,Ankara/Yenimahalle
Renault,Megane,959.500 TL,2019,170.000,Kocaeli/Çayırova
Volkswagen,VW CC,820.000 TL,2014,198.000,İstanbul/Başakşehir
Volvo,V40,1.235.000 TL,2018,139.000,Manisa/Soma
Fiat,Egea,647.500 TL,2020,123.000,Kahramanmaraş/Göksun
BMW,5 Serisi,3.750.000 TL,2023,83.000,Konya/Karatay
Fiat,Egea,829.000 TL,2022,93.000,İstanbul/Küçükçekmece
Audi,A6,4.950.000 TL,2023,7.000,Gaziantep/İslahiye
Renault,Megane,995.000 TL,2019,114.000,Zonguldak/Ereğli
BMW,1 Serisi,1.600.000 TL,2020,80.000,İstanbul/Büyükçekmece
Honda,Civic,790.000 TL,2007,96.000,Balıkesir/Karesi
Porsche,Taycan,7.490.000 TL,2023,6.001,İstanbul/Beşiktaş
Ford,Focus,800.000 TL,2016,250.000,Bolu/Merkez
Citroen,C3,778.000 TL,2023,48.000,Aydın/Efeler
Audi,S Serisi,2.130.000 TL,2016,105.000,İstanbul/Bağcılar
